Key,Value
optimal_status,0
solution,5028.999999493869
cpu_time,3600.2076790332794
gap,0.7681500217239399
upper_bound,1165.9735406329603
lower_bound,5028.999999493869
