Key,Value
optimal_status,0
solution,5851
cpu_time,3600.255781888962
gap,0.6960453512545789
upper_bound,1778.4386498094593
lower_bound,5851
