Key,Value
optimal_status,0
solution,5482
cpu_time,3600.1632809638977
gap,0.7274109568646078
upper_bound,1494.3331344682204
lower_bound,5482
