Key,Value
optimal_status,0
solution,8450.999982594414
cpu_time,3600.1178710460663
gap,0.8443559419577875
upper_bound,1315.3479318056613
lower_bound,8450.999982594414
