Key,Value
optimal_status,0
solution,9163
cpu_time,3600.135887861252
gap,0.8618887147154652
upper_bound,1265.5137070621925
lower_bound,9163
