Key,Value
optimal_status,0
solution,34141.999996537685
cpu_time,3603.241796016693
gap,0.947460730047735
upper_bound,1793.7957545283232
lower_bound,34141.999996537685
