Key,Value
optimal_status,0
solution,35714
cpu_time,3605.2098870277405
gap,0.9632567474740981
upper_bound,1312.2485207100592
lower_bound,35714
