Key,Value
optimal_status,0
solution,6598
cpu_time,3600.779371023178
gap,0.794592235015534
upper_bound,1355.2804333675067
lower_bound,6598
