Key,Value
optimal_status,0
solution,22064
cpu_time,3600.718591928482
gap,0.9476726984876879
upper_bound,1154.5495805676533
lower_bound,22064
