Key,Value
optimal_status,0
solution,8536
cpu_time,3600.126723051071
gap,0.7892146630461027
upper_bound,1799.2636362384671
lower_bound,8536
