Key,Value
optimal_status,0
solution,25096
cpu_time,3600.467283010483
gap,0.9478004462862608
upper_bound,1310
lower_bound,25096
