Key,Value
optimal_status,0
solution,2668
cpu_time,3600.0721139907837
gap,0.5873313343328422
upper_bound,1100.9999999999768
lower_bound,2668
