Key,Value
optimal_status,0
solution,18097
cpu_time,3601.7008340358734
gap,0.922031275902192
upper_bound,1410.9999999980328
lower_bound,18097
