Key,Value
optimal_status,0
solution,15483
cpu_time,3600.134689092636
gap,0.9086222638161461
upper_bound,1414.8014893346106
lower_bound,15483
