Key,Value
optimal_status,0
solution,6513
cpu_time,3600.550840854645
gap,0.7298228181494777
upper_bound,1759.6639853924517
lower_bound,6513
