Key,Value
optimal_status,0
solution,6657.999998667359
cpu_time,3600.1056430339813
gap,0.8293781916149958
upper_bound,1135.99999999998
lower_bound,6657.999998667359
