Key,Value
optimal_status,0
solution,73354
cpu_time,3600.3980190753937
gap,0.9661778663463493
upper_bound,2480.9887920298884
lower_bound,73354
