Key,Value
optimal_status,0
solution,13520
cpu_time,3600.2034599781036
gap,0.8588936485826645
upper_bound,1907.757871162375
lower_bound,13520
