Key,Value
optimal_status,0
solution,15116
cpu_time,3602.1341412067413
gap,0.9114845197142101
upper_bound,1338.0000000000005
lower_bound,15116
