Key,Value
optimal_status,0
solution,4249
cpu_time,3600.1342108249664
gap,0.7356195385790609
upper_bound,1123.3525805775703
lower_bound,4249
