Key,Value
optimal_status,0
solution,5702
cpu_time,3600.152869939804
gap,0.7267310197689789
upper_bound,1558.179725277282
lower_bound,5702
