Key,Value
optimal_status,0
solution,5773
cpu_time,3600.430739879608
gap,0.6915606500562897
upper_bound,1780.6203672250397
lower_bound,5773
