Key,Value
optimal_status,0
solution,5728
cpu_time,3600.0940401554108
gap,0.8109313736861183
upper_bound,1082.9850915259135
lower_bound,5728
