Key,Value
optimal_status,0
solution,12027
cpu_time,3600.380239009857
gap,0.9095368753637648
upper_bound,1088
lower_bound,12027
