Key,Value
optimal_status,0
solution,7447
cpu_time,3600.15580701828
gap,0.8261390709172174
upper_bound,1294.7423388794825
lower_bound,7447
