Key,Value
optimal_status,0
solution,10032
cpu_time,3600.1391620635986
gap,0.8190053834757279
upper_bound,1815.7379929714966
lower_bound,10032
