Key,Value
optimal_status,0
solution,68315.99997723095
cpu_time,3600.1443288326263
gap,0.9569780800224899
upper_bound,2939.0854842040108
lower_bound,68315.99997723095
