Key,Value
optimal_status,0
solution,7636.999999232271
cpu_time,3600.5376279354095
gap,0.8642136964640259
upper_bound,1036.9999999999873
lower_bound,7636.999999232271
