Key,Value
optimal_status,0
solution,3924
cpu_time,3600.098587989807
gap,0.6742378646728687
upper_bound,1278.290619023663
lower_bound,3924
