Key,Value
optimal_status,0
solution,30351.99999696416
cpu_time,3600.410320997238
gap,0.9322875823166165
upper_bound,2055.2073013204936
lower_bound,30351.99999696416
