Key,Value
optimal_status,0
solution,6810.999999318781
cpu_time,3600.1302449703217
gap,0.8395753357709551
upper_bound,1092.65238795474
lower_bound,6810.999999318781
