Key,Value
optimal_status,0
solution,5071
cpu_time,3600.200038909912
gap,0.7700650759219103
upper_bound,1165.9999999999927
lower_bound,5071
