Key,Value
optimal_status,0
solution,8141
cpu_time,3600.0658769607544
gap,0.8588976179851766
upper_bound,1148.7144919826771
lower_bound,8141
