Key,Value
optimal_status,0
solution,11058
cpu_time,3600.129427909851
gap,0.8295955118295638
upper_bound,1884.3328301886838
lower_bound,11058
