Key,Value
optimal_status,0
solution,3106.9999976867903
cpu_time,3600.094409942627
gap,0.6099130991624241
upper_bound,1211.9999999999955
lower_bound,3106.9999976867903
