Key,Value
optimal_status,0
solution,3035
cpu_time,3600.0560541152954
gap,0.6190716029103674
upper_bound,1156.1176851670348
lower_bound,3035
