Key,Value
optimal_status,0
solution,72778
cpu_time,3600.619565963745
gap,0.968643715120775
upper_bound,2282.047700940234
lower_bound,72778
