Key,Value
optimal_status,0
solution,22874
cpu_time,3600.283441066742
gap,0.924925884146306
upper_bound,1717.245326037394
lower_bound,22874
