Key,Value
optimal_status,0
solution,12069
cpu_time,3600.115051984787
gap,0.9133316761952108
upper_bound,1046
lower_bound,12069
