Key,Value
optimal_status,0
solution,13199
cpu_time,3600.3741409778595
gap,0.9009015834533087
upper_bound,1307.999999999778
lower_bound,13199
