Key,Value
optimal_status,0
solution,4368
cpu_time,3600.167356967926
gap,0.6636956389542923
upper_bound,1468.9774490476511
lower_bound,4368
