Key,Value
optimal_status,0
solution,35639
cpu_time,3600.7166368961334
gap,0.9605394838987186
upper_bound,1406.33333333357
lower_bound,35639
