Key,Value
optimal_status,0
solution,6233.999997337695
cpu_time,3600.2909409999847
gap,0.8346434598692104
upper_bound,1030.832670735113
lower_bound,6233.999997337695
