Key,Value
optimal_status,0
solution,2653
cpu_time,3600.2478358745575
gap,0.5933453954599932
upper_bound,1078.854665844638
lower_bound,2653
