Key,Value
optimal_status,0
solution,10733
cpu_time,3601.698662996292
gap,0.8498401558056128
upper_bound,1611.6656077383584
lower_bound,10733
