Key,Value
optimal_status,0
solution,73163
cpu_time,3600.365952014923
gap,0.9776715877737007
upper_bound,1633.6136237127346
lower_bound,73163
