Key,Value
optimal_status,0
solution,6101
cpu_time,3600.178011894226
gap,0.8169152597934819
upper_bound,1116.9999999999673
lower_bound,6101
