Key,Value
optimal_status,0
solution,10840
cpu_time,3600.200005054474
gap,0.8711254612546129
upper_bound,1396.9999999999964
lower_bound,10840
