Key,Value
optimal_status,0
solution,9038.99999908472
cpu_time,3600.185570001602
gap,0.8570430126409343
upper_bound,1292.1882086077496
lower_bound,9038.99999908472
