Key,Value
optimal_status,0
solution,15381
cpu_time,3600.366717815399
gap,0.9112147148761323
upper_bound,1365.6064704902096
lower_bound,15381
