Key,Value
optimal_status,0
solution,84725
cpu_time,3600.2861981391907
gap,0.9754155316462426
upper_bound,2082.9190812720854
lower_bound,84725
