Key,Value
optimal_status,0
solution,8468.999999151361
cpu_time,3600.3815400600433
gap,0.8653914275458501
upper_bound,1139.9999999999618
lower_bound,8468.999999151361
