Key,Value
optimal_status,0
solution,9455
cpu_time,3600.4646689891815
gap,0.8863035430988895
upper_bound,1075.0000000000002
lower_bound,9455
