Key,Value
optimal_status,0
solution,4896.999999508464
cpu_time,3600.0555090904236
gap,0.7183537383989791
upper_bound,1379.22174292176
lower_bound,4896.999999508464
