Key,Value
optimal_status,0
solution,67848
cpu_time,3600.2429099082947
gap,0.9565796377566804
upper_bound,2945.984737484742
lower_bound,67848
