Key,Value
optimal_status,0
solution,76462.99992163696
cpu_time,3600.4757430553436
gap,0.971511020772042
upper_bound,2178.3528164748664
lower_bound,76462.99992163696
