Key,Value
optimal_status,0
solution,4772
cpu_time,3600.1829760074615
gap,0.6988883058533238
upper_bound,1436.9050044679389
lower_bound,4772
