Key,Value
optimal_status,0
solution,21390
cpu_time,3601.486963033676
gap,0.9386629266012155
upper_bound,1312
lower_bound,21390
