Key,Value
optimal_status,0
solution,9466
cpu_time,3600.081066131592
gap,0.8793100672540367
upper_bound,1142.4509033732886
lower_bound,9466
