Key,Value
optimal_status,0
solution,5389.9999994557875
cpu_time,3600.1008660793304
gap,0.787426971841411
upper_bound,1145.7686216591105
lower_bound,5389.9999994557875
