Key,Value
optimal_status,0
solution,70693
cpu_time,3616.796839952469
gap,0.9600888253864541
upper_bound,2821.440666955398
lower_bound,70693
