Key,Value
optimal_status,0
solution,2833
cpu_time,3600.1083731651306
gap,0.607880158493715
upper_bound,1110.8755109873055
lower_bound,2833
