Key,Value
optimal_status,0
solution,11457
cpu_time,3600.271582841873
gap,0.8564326066146233
upper_bound,1644.851626016261
lower_bound,11457
