Key,Value
optimal_status,0
solution,16225
cpu_time,3600.2763850688934
gap,0.9183359013867488
upper_bound,1325
lower_bound,16225
