Key,Value
optimal_status,0
solution,6152
cpu_time,3600.1839480400085
gap,0.7370134969651747
upper_bound,1617.8929666702454
lower_bound,6152
