Key,Value
optimal_status,0
solution,10509
cpu_time,3600.133868932724
gap,0.8488819737496214
upper_bound,1588.0993378652292
lower_bound,10509
