Key,Value
optimal_status,0
solution,14495
cpu_time,3600.180154800415
gap,0.8679233242183272
upper_bound,1914.4514154553476
lower_bound,14495
