Key,Value
optimal_status,0
solution,9491.999999045343
cpu_time,3600.507560968399
gap,0.8856843022693202
upper_bound,1085.0846027504813
lower_bound,9491.999999045343
