Key,Value
optimal_status,0
solution,17068
cpu_time,3603.61336517334
gap,0.9318448063136511
upper_bound,1163.272845838602
lower_bound,17068
