Key,Value
optimal_status,0
solution,6568.99999934269
cpu_time,3600.1599531173706
gap,0.8350761244577221
upper_bound,1083.3849383288182
lower_bound,6568.99999934269
