Key,Value
optimal_status,0
solution,5267.999998944508
cpu_time,3600.161041021347
gap,0.7952496021313175
upper_bound,1078.6250957561067
lower_bound,5267.999998944508
