Key,Value
optimal_status,0
solution,4043.999999593305
cpu_time,3600.145061969757
gap,0.70796241342266
upper_bound,1180.9999999999927
lower_bound,4043.999999593305
