Key,Value
optimal_status,0
solution,6769
cpu_time,3600.1441049575806
gap,0.8368729536566821
upper_bound,1104.206976697919
lower_bound,6769
