Key,Value
optimal_status,0
solution,21949
cpu_time,3603.521823167801
gap,0.9504988725131792
upper_bound,1086.5002472082322
lower_bound,21949
