Key,Value
optimal_status,0
solution,9554.999999043515
cpu_time,3600.4141108989716
gap,0.8900915557464252
upper_bound,1050.1751847377818
lower_bound,9554.999999043515
