Key,Value
optimal_status,0
solution,3340
cpu_time,3600.1958639621735
gap,0.587124285094091
upper_bound,1379.004887785736
lower_bound,3340
