Key,Value
optimal_status,0
solution,30359
cpu_time,3600.1936690807343
gap,0.9548404088378267
upper_bound,1371.000028092417
lower_bound,30359
