Key,Value
optimal_status,0
solution,10116
cpu_time,3600.179934024811
gap,0.8357713357024482
upper_bound,1661.337168034034
lower_bound,10116
