Key,Value
optimal_status,0
solution,16451
cpu_time,3600.217514038086
gap,0.8896600568470232
upper_bound,1815.20240480962
lower_bound,16451
