Key,Value
optimal_status,0
solution,9550
cpu_time,3601.082078933716
gap,0.8290950673846441
upper_bound,1632.1421064766482
lower_bound,9550
