Key,Value
optimal_status,0
solution,2721.99999972769
cpu_time,3600.061602115631
gap,0.5790482951729857
upper_bound,1145.8305404245034
lower_bound,2721.99999972769
