Key,Value
optimal_status,0
solution,12543
cpu_time,3600.1963860988617
gap,0.8799105461301256
upper_bound,1506.2820198898337
lower_bound,12543
