Key,Value
optimal_status,0
solution,2921
cpu_time,3600.165874004364
gap,0.6235001935063118
upper_bound,1099.7559347680633
lower_bound,2921
