Key,Value
optimal_status,0
solution,15065
cpu_time,3602.020071029663
gap,0.9065097837685556
upper_bound,1408.4301075267106
lower_bound,15065
