Key,Value
optimal_status,0
solution,6092
cpu_time,3600.2255330085754
gap,0.7428539618676129
upper_bound,1566.5336643025025
lower_bound,6092
