Key,Value
optimal_status,0
solution,6913
cpu_time,3600.314876794815
gap,0.8454968503605149
upper_bound,1068.08027345776
lower_bound,6913
