Key,Value
optimal_status,0
solution,36024
cpu_time,3601.7621660232544
gap,0.9628929550842075
upper_bound,1336.7441860465117
lower_bound,36024
