Key,Value
optimal_status,0
solution,9702.999999029338
cpu_time,3600.489643096924
gap,0.8889405989920257
upper_bound,1077.6093678725733
lower_bound,9702.999999029338
