Key,Value
optimal_status,0
solution,15950.99999840388
cpu_time,3600.2128689289093
gap,0.9154284997721155
upper_bound,1349
lower_bound,15950.99999840388
