Key,Value
optimal_status,0
solution,6554
cpu_time,3600.2565660476685
gap,0.7296240496501134
upper_bound,1772.0439785931565
lower_bound,6554
