Key,Value
optimal_status,0
solution,80891.99999191034
cpu_time,3600.392163038254
gap,0.9717878724382629
upper_bound,2282.135422495805
lower_bound,80891.99999191034
