Key,Value
optimal_status,0
solution,20501
cpu_time,3602.61625790596
gap,0.902385955868885
upper_bound,2001.1855187319902
lower_bound,20501
