Key,Value
optimal_status,0
solution,4307
cpu_time,3600.6641340255737
gap,0.7304388205247293
upper_bound,1160.999999999991
lower_bound,4307
