Key,Value
optimal_status,0
solution,4556
cpu_time,3600.198870897293
gap,0.7102721685689233
upper_bound,1319.9999999999854
lower_bound,4556
