Key,Value
optimal_status,0
solution,9630
cpu_time,3600.2678859233856
gap,0.8866043613720036
upper_bound,1091.9999999876054
lower_bound,9630
