Key,Value
optimal_status,0
solution,7987
cpu_time,3600.239063978195
gap,0.8718965201169553
upper_bound,1023.1624938258786
lower_bound,7987
