Key,Value
optimal_status,0
solution,12582
cpu_time,3600.0795719623566
gap,0.9151168335717718
upper_bound,1067.9999999999666
lower_bound,12582
