Key,Value
optimal_status,0
solution,6394.999999359409
cpu_time,3600.166782140732
gap,0.8299305170259755
upper_bound,1087.5943435099418
lower_bound,6394.999999359409
