Key,Value
optimal_status,0
solution,2793.999999720139
cpu_time,3600.0285470485687
gap,0.586642948340113
upper_bound,1154.9196022220417
lower_bound,2793.999999720139
