Key,Value
optimal_status,0
solution,18574
cpu_time,3600.142567873001
gap,0.9015355187317321
upper_bound,1828.8792750768089
lower_bound,18574
