Key,Value
optimal_status,0
solution,69494
cpu_time,3600.2337679862976
gap,0.9574285852468216
upper_bound,2958.45789685738
lower_bound,69494
