Key,Value
optimal_status,0
solution,14613
cpu_time,3600.332188844681
gap,0.8670239361043673
upper_bound,1943.1792217068798
lower_bound,14613
