Key,Value
optimal_status,0
solution,2524.999999747396
cpu_time,3600.2331490516663
gap,0.552628458297359
upper_bound,1129.613142686161
lower_bound,2524.999999747396
