Key,Value
optimal_status,0
solution,15614
cpu_time,3600.9635338783264
gap,0.9146919431279621
upper_bound,1332
lower_bound,15614
