Key,Value
optimal_status,0
solution,2703.999999729101
cpu_time,3600.4245159626007
gap,0.5991906650651716
upper_bound,1083.788441555197
lower_bound,2703.999999729101
