Key,Value
optimal_status,0
solution,4137
cpu_time,3600.1060049533844
gap,0.6867766130790268
upper_bound,1295.8051516920657
lower_bound,4137
