Key,Value
optimal_status,0
solution,3615.999999638225
cpu_time,3600.205749988556
gap,0.6967620549563119
upper_bound,1096.5084091682718
lower_bound,3615.999999638225
