Key,Value
optimal_status,0
solution,5689
cpu_time,3600.1093249320984
gap,0.8085889365293082
upper_bound,1088.9375400847657
lower_bound,5689
