Key,Value
optimal_status,0
solution,18490
cpu_time,3600.1747150421143
gap,0.9257947140781188
upper_bound,1372.055736695584
lower_bound,18490
