Key,Value
optimal_status,0
solution,2675.9999991071427
cpu_time,3600.1231019496918
gap,0.5431170869514237
upper_bound,1222.618674910059
lower_bound,2675.9999991071427
