Key,Value
optimal_status,0
solution,10559
cpu_time,3600.976014852524
gap,0.8935505256179562
upper_bound,1124
lower_bound,10559
