Key,Value
optimal_status,0
solution,2331.999998207612
cpu_time,3600.0775740146637
gap,0.5291595193636786
upper_bound,1097.9999999999727
lower_bound,2331.999998207612
