Key,Value
optimal_status,0
solution,33261
cpu_time,3602.437642812729
gap,0.9515641919092126
upper_bound,1611.0234129076828
lower_bound,33261
