Key,Value
optimal_status,0
solution,72959
cpu_time,3604.22398686409
gap,0.9585001464906616
upper_bound,3027.7878121878102
lower_bound,72959
