Key,Value
optimal_status,0
solution,5958
cpu_time,3600.193248987198
gap,0.7600749454381904
upper_bound,1429.4734750792616
lower_bound,5958
