Key,Value
optimal_status,0
solution,3523
cpu_time,3600.0934550762177
gap,0.6521385114302192
upper_bound,1225.5160242313377
lower_bound,3523
