Key,Value
optimal_status,0
solution,3825
cpu_time,3600.151412963867
gap,0.6434189731174477
upper_bound,1363.9224278257625
lower_bound,3825
