Key,Value
optimal_status,0
solution,3905
cpu_time,3600.041090965271
gap,0.6528561376537958
upper_bound,1355.5967824619274
lower_bound,3905
