Key,Value
optimal_status,0
solution,26234
cpu_time,3606.723505973816
gap,0.9498403816536181
upper_bound,1315.8874276989861
lower_bound,26234
