Key,Value
optimal_status,0
solution,20987
cpu_time,3603.7439749240875
gap,0.9420131293469759
upper_bound,1216.970454395017
lower_bound,20987
