Key,Value
optimal_status,0
solution,4081
cpu_time,3600.1151208877563
gap,0.7209174318926496
upper_bound,1138.9359604460972
lower_bound,4081
