Key,Value
optimal_status,0
solution,5107
cpu_time,3600.0895631313324
gap,0.7963178363974022
upper_bound,1040.2048095184668
lower_bound,5107
