Key,Value
optimal_status,0
solution,2445
cpu_time,3600.1227860450745
gap,0.5353424808241268
upper_bound,1136.0876343850098
lower_bound,2445
