Key,Value
optimal_status,0
solution,6068
cpu_time,3600.431282043457
gap,0.6919327592913482
upper_bound,1869.3520166200988
lower_bound,6068
