Key,Value
optimal_status,0
solution,87401
cpu_time,3601.97114610672
gap,0.9731616130185532
upper_bound,2345.701860565434
lower_bound,87401
