Key,Value
optimal_status,0
solution,23094.99999767423
cpu_time,3600.329843044281
gap,0.939603929081329
upper_bound,1394.8472577262398
lower_bound,23094.99999767423
