Key,Value
optimal_status,0
solution,13276
cpu_time,3600.76721906662
gap,0.9012503766194637
upper_bound,1311.0000000000002
lower_bound,13276
