Key,Value
optimal_status,0
solution,63727
cpu_time,3600.440378189087
gap,0.9553290053394928
upper_bound,2846.7484767301435
lower_bound,63727
