Key,Value
optimal_status,0
solution,34167
cpu_time,3611.0486290454865
gap,0.9604881903591185
upper_bound,1349.9999999999998
lower_bound,34167
