Key,Value
optimal_status,0
solution,16026
cpu_time,3600.242637872696
gap,0.9181879309510026
upper_bound,1311.1202185792326
lower_bound,16026
