Key,Value
optimal_status,0
solution,10602
cpu_time,3600.2439329624176
gap,0.8286839455970925
upper_bound,1816.2928087796265
lower_bound,10602
