Key,Value
optimal_status,0
solution,9160
cpu_time,3600.1632239818573
gap,0.8507593804784559
upper_bound,1367.0440748173437
lower_bound,9160
