Key,Value
optimal_status,0
solution,8229.999999176354
cpu_time,3600.1589419841766
gap,0.8651275820035131
upper_bound,1110
lower_bound,8229.999999176354
