Key,Value
optimal_status,0
solution,73242
cpu_time,3600.302932024002
gap,0.9674238290537026
upper_bound,2385.9439124487035
lower_bound,73242
