Key,Value
optimal_status,0
solution,83938
cpu_time,3600.6395530700684
gap,0.9729723187954145
upper_bound,2268.6495049504974
lower_bound,83938
