Key,Value
optimal_status,0
solution,4633
cpu_time,3600.139629125595
gap,0.6972711578702361
upper_bound,1402.5427255871964
lower_bound,4633
