Key,Value
optimal_status,0
solution,4164.999999583382
cpu_time,3600.1204710006714
gap,0.7344537814860497
upper_bound,1105.9999999999718
lower_bound,4164.999999583382
