Key,Value
optimal_status,0
solution,11827
cpu_time,3600.3841161727905
gap,0.9064006087765283
upper_bound,1107
lower_bound,11827
