Key,Value
optimal_status,0
solution,9369
cpu_time,3600.400158882141
gap,0.8774751978949732
upper_bound,1147.9348709219958
lower_bound,9369
