Key,Value
optimal_status,0
solution,15539
cpu_time,3600.2524518966675
gap,0.9147306776497844
upper_bound,1325.0000000000007
lower_bound,15539
