Key,Value
optimal_status,0
solution,8199.999999175488
cpu_time,3600.3108258247375
gap,0.8600666810831274
upper_bound,1147.4532150029784
lower_bound,8199.999999175488
