Key,Value
optimal_status,0
solution,8757
cpu_time,3602.8317320346832
gap,0.878268813520612
upper_bound,1065.9999999999998
lower_bound,8757
