Key,Value
optimal_status,0
solution,2769.999999722698
cpu_time,3600.029369831085
gap,0.5116008040899882
upper_bound,1352.8657725352984
lower_bound,2769.999999722698
