Key,Value
optimal_status,0
solution,14998
cpu_time,3600.118038892746
gap,0.922554220784668
upper_bound,1161.5317966715502
lower_bound,14998
