Key,Value
optimal_status,0
solution,68194
cpu_time,3600.319566965103
gap,0.971015802165927
upper_bound,1976.5483870967755
lower_bound,68194
