Key,Value
optimal_status,0
solution,5953
cpu_time,3600.107397079468
gap,0.7515812500124879
upper_bound,1478.8368186756595
lower_bound,5953
