Key,Value
optimal_status,0
solution,2224
cpu_time,3600.042135953903
gap,0.4662511370214174
upper_bound,1187.0574712643677
lower_bound,2224
