Key,Value
optimal_status,0
solution,38291
cpu_time,3600.5603079795837
gap,0.9632724835252844
upper_bound,1406.3333333333323
lower_bound,38291
