Key,Value
optimal_status,0
solution,2803
cpu_time,3600.2644739151
gap,0.6117829363184057
upper_bound,1088.1724294995086
lower_bound,2803
