Key,Value
optimal_status,0
solution,16553
cpu_time,3600.248692035675
gap,0.8816148118801473
upper_bound,1959.6300189479205
lower_bound,16553
