Key,Value
optimal_status,0
solution,71497
cpu_time,3604.0992600917816
gap,0.9571000418107687
upper_bound,3067.2183106554667
lower_bound,71497
