Key,Value
optimal_status,0
solution,6202
cpu_time,3600.3265328407288
gap,0.7024686626159965
upper_bound,1845.2893544555905
lower_bound,6202
