Key,Value
optimal_status,0
solution,4137
cpu_time,3600.17852807045
gap,0.7244379985496769
upper_bound,1139.9999999999864
lower_bound,4137
