Key,Value
optimal_status,0
solution,15431
cpu_time,3600.230224132538
gap,0.9159484155271855
upper_bound,1297
lower_bound,15431
