Key,Value
optimal_status,0
solution,83289
cpu_time,3600.1855130195618
gap,0.9649414321752505
upper_bound,2919.99305555556
lower_bound,83289
