Key,Value
optimal_status,0
solution,15840
cpu_time,3600.1004428863525
gap,0.9188762626262627
upper_bound,1285
lower_bound,15840
