Key,Value
optimal_status,0
solution,3759
cpu_time,3600.0737957954407
gap,0.6622561603763283
upper_bound,1269.5790931453819
lower_bound,3759
