Key,Value
optimal_status,0
solution,69974
cpu_time,3604.180771112442
gap,0.9619679595669959
upper_bound,2661.2539972590243
lower_bound,69974
