Key,Value
optimal_status,0
solution,58378
cpu_time,3601.120377063751
gap,0.9649914132954428
upper_bound,2043.7312746386353
lower_bound,58378
