Key,Value
optimal_status,0
solution,7122
cpu_time,3600.178932905197
gap,0.8117514240741076
upper_bound,1340.7063577442054
lower_bound,7122
