Key,Value
optimal_status,0
solution,14609
cpu_time,3606.3634989261627
gap,0.8954374435623055
upper_bound,1527.5543869982785
lower_bound,14609
