Key,Value
optimal_status,0
solution,40087
cpu_time,3601.4434411525726
gap,0.9663530141270468
upper_bound,1348.8067226890757
lower_bound,40087
