Key,Value
optimal_status,0
solution,17093.99999828756
cpu_time,3600.224429130554
gap,0.9208201708122388
upper_bound,1353.499999999999
lower_bound,17093.99999828756
