Key,Value
optimal_status,0
solution,5075
cpu_time,3600.0871200561523
gap,0.7824795610028522
upper_bound,1103.9162279105246
lower_bound,5075
