Key,Value
optimal_status,0
solution,3775
cpu_time,3600.3603670597076
gap,0.648989839525167
upper_bound,1325.0633557924946
lower_bound,3775
