Key,Value
optimal_status,0
solution,3118.9999996872375
cpu_time,3600.258768081665
gap,0.5774286629906707
upper_bound,1317.9999999999334
lower_bound,3118.9999996872375
