Key,Value
optimal_status,0
solution,4269.99999956053
cpu_time,3600.15398812294
gap,0.6769057974145375
upper_bound,1379.6122448979352
lower_bound,4269.99999956053
