Key,Value
optimal_status,0
solution,3911
cpu_time,3600.0772140026093
gap,0.6498937016300487
upper_bound,1369.2657329248796
lower_bound,3911
