Key,Value
optimal_status,0
solution,68056
cpu_time,3602.7326629161835
gap,0.9536876550763299
upper_bound,3151.8329461252947
lower_bound,68056
