Key,Value
optimal_status,0
solution,5545
cpu_time,3600.1893639564514
gap,0.8005354239886161
upper_bound,1106.0310739831236
lower_bound,5545
