Key,Value
optimal_status,0
solution,2792
cpu_time,3600.217122077942
gap,0.5744985673352504
upper_bound,1187.999999999981
lower_bound,2792
