Key,Value
optimal_status,0
solution,22432
cpu_time,3600.2634398937225
gap,0.9416018743327893
upper_bound,1309.9867549668716
lower_bound,22432
