Key,Value
optimal_status,0
solution,6459
cpu_time,3600.186110973358
gap,0.7210175302402491
upper_bound,1801.9477721782316
lower_bound,6459
