Key,Value
optimal_status,0
solution,37427
cpu_time,3604.9613349437714
gap,0.9642626951945912
upper_bound,1337.540106952037
lower_bound,37427
