Key,Value
optimal_status,0
solution,7022
cpu_time,3600.193088054657
gap,0.7849678144341153
upper_bound,1509.9560070436419
lower_bound,7022
