Key,Value
optimal_status,0
solution,14043
cpu_time,3600.160733938217
gap,0.9023000783308428
upper_bound,1371.9999999999745
lower_bound,14043
