Key,Value
optimal_status,0
solution,4115.999999588166
cpu_time,3600.1621038913727
gap,0.6499830923131867
upper_bound,1440.6695918947746
lower_bound,4115.999999588166
