Key,Value
optimal_status,0
solution,4175
cpu_time,3600.133880138397
gap,0.7330452539879585
upper_bound,1114.5360646002732
lower_bound,4175
