Key,Value
optimal_status,0
solution,67039
cpu_time,3600.340795993805
gap,0.9744400196477084
upper_bound,1713.5155228372778
lower_bound,67039
