Key,Value
optimal_status,0
solution,20084
cpu_time,3601.7431280612946
gap,0.9360090532385316
upper_bound,1285.194174757332
lower_bound,20084
