Key,Value
optimal_status,0
solution,10976
cpu_time,3601.7584280967712
gap,0.9019679300291545
upper_bound,1075.9999999999998
lower_bound,10976
