Key,Value
optimal_status,0
solution,4285
cpu_time,3600.1378219127655
gap,0.7442309833228682
upper_bound,1095.97023646151
lower_bound,4285
