Key,Value
optimal_status,0
solution,13453
cpu_time,3600.3574299812317
gap,0.9067328707899324
upper_bound,1254.7226892630408
lower_bound,13453
