Key,Value
optimal_status,0
solution,66736
cpu_time,3606.387242078781
gap,0.9543454974424364
upper_bound,3046.7988826815695
lower_bound,66736
