Key,Value
optimal_status,0
solution,2662.9999997335995
cpu_time,3600.124571084976
gap,0.5059571013982213
upper_bound,1315.6362388449236
lower_bound,2662.9999997335995
