Key,Value
optimal_status,0
solution,5784.99999941783
cpu_time,3600.137307167053
gap,0.7013833861492959
upper_bound,1727.4971109524774
lower_bound,5784.99999941783
