Key,Value
optimal_status,0
solution,7259
cpu_time,3600.138669013977
gap,0.8450129309593915
upper_bound,1125.0511341657777
lower_bound,7259
