Key,Value
optimal_status,0
solution,4457
cpu_time,3600.0447809696198
gap,0.7399573768404831
upper_bound,1159.0099714219666
lower_bound,4457
