Key,Value
optimal_status,0
solution,6917
cpu_time,3600.2898259162903
gap,0.7615018390074956
upper_bound,1649.6917795851532
lower_bound,6917
