Key,Value
optimal_status,0
solution,7949
cpu_time,3600.190658092499
gap,0.8476595132254836
upper_bound,1210.954529370631
lower_bound,7949
