Key,Value
optimal_status,0
solution,8841
cpu_time,3600.169555902481
gap,0.883836670059948
upper_bound,1026.999999999999
lower_bound,8841
