Key,Value
optimal_status,0
solution,4193.999999580322
cpu_time,3600.277681827545
gap,0.7323591260783018
upper_bound,1122.4858251152793
lower_bound,4193.999999580322
