Key,Value
optimal_status,0
solution,12373
cpu_time,3600.732787847519
gap,0.897518084966828
upper_bound,1268.0087347054375
lower_bound,12373
