Key,Value
optimal_status,0
solution,9919
cpu_time,3600.07381606102
gap,0.882715804089155
upper_bound,1163.3419392396725
lower_bound,9919
