Key,Value
optimal_status,0
solution,14005
cpu_time,3600.170839071274
gap,0.9014248344218887
upper_bound,1380.5451939214488
lower_bound,14005
