Key,Value
optimal_status,0
solution,3513
cpu_time,3600.090605020523
gap,0.6192913780887916
upper_bound,1337.429388774075
lower_bound,3513
