Key,Value
optimal_status,0
solution,15634
cpu_time,3600.2654287815094
gap,0.9181828089058772
upper_bound,1279.1299655655155
lower_bound,15634
