Key,Value
optimal_status,0
solution,17040.999998294556
cpu_time,3600.1618762016296
gap,0.9210727069928595
upper_bound,1345.0000000000741
lower_bound,17040.999998294556
