Key,Value
optimal_status,0
solution,2381.9999997616997
cpu_time,3600.4117591381073
gap,0.5486985725828947
upper_bound,1074.9999999999995
lower_bound,2381.9999997616997
