Key,Value
optimal_status,0
solution,6465
cpu_time,3600.1551899909973
gap,0.799827702773825
upper_bound,1294.1139015672218
lower_bound,6465
