Key,Value
optimal_status,0
solution,21244
cpu_time,3600.1753208637238
gap,0.9473173316693889
upper_bound,1119.190606015502
lower_bound,21244
