Key,Value
optimal_status,0
solution,2093.9999972529818
cpu_time,3600.1279339790344
gap,0.49999999934407535
upper_bound,1046.999999999997
lower_bound,2093.9999972529818
