Key,Value
optimal_status,0
solution,3866.999999613198
cpu_time,3600.086103916168
gap,0.7248513058943835
upper_bound,1063.999999999991
lower_bound,3866.999999613198
