Key,Value
optimal_status,0
solution,25252
cpu_time,3600.8137052059174
gap,0.9537152055278818
upper_bound,1168.7836300099293
lower_bound,25252
