Key,Value
optimal_status,0
solution,2964.9999997032796
cpu_time,3600.16446185112
gap,0.6169837002249317
upper_bound,1135.6433287194288
lower_bound,2964.9999997032796
