Key,Value
optimal_status,0
solution,4012.9999995976054
cpu_time,3600.0595228672028
gap,0.666583603255889
upper_bound,1337.9999999999527
lower_bound,4012.9999995976054
