Key,Value
optimal_status,0
solution,72578
cpu_time,3602.573613166809
gap,0.9732765653067997
upper_bound,1939.5334431630972
lower_bound,72578
