Key,Value
optimal_status,0
solution,3800
cpu_time,3600.4867072105408
gap,0.6239686025548737
upper_bound,1428.9193102914794
lower_bound,3800
