Key,Value
optimal_status,0
solution,6289
cpu_time,3600.113408088684
gap,0.8216727047172818
upper_bound,1121.5003600330149
lower_bound,6289
