Key,Value
optimal_status,0
solution,3909
cpu_time,3600.219006061554
gap,0.6368219493197804
upper_bound,1419.6630001089784
lower_bound,3909
