Key,Value
optimal_status,0
solution,4089.9999991817717
cpu_time,3600.21288895607
gap,0.7205095429091056
upper_bound,1143.1159692730714
lower_bound,4089.9999991817717
