Key,Value
optimal_status,0
solution,5170
cpu_time,3600.138060092926
gap,0.7844544702385471
upper_bound,1114.3703888667114
lower_bound,5170
