Key,Value
optimal_status,0
solution,15498
cpu_time,3600.7642419338226
gap,0.8752755408902557
upper_bound,1932.979667282817
lower_bound,15498
