Key,Value
optimal_status,0
solution,19922
cpu_time,3601.0556070804596
gap,0.9289729946792497
upper_bound,1414.999999999989
lower_bound,19922
