Key,Value
optimal_status,0
solution,3056
cpu_time,3600.2493999004364
gap,0.6283496045468357
upper_bound,1135.7636085048698
lower_bound,3056
