Key,Value
optimal_status,0
solution,22854
cpu_time,3600.9311051368713
gap,0.9428377403698062
upper_bound,1306.3862815884486
lower_bound,22854
