Key,Value
optimal_status,0
solution,6290
cpu_time,3600.2116339206696
gap,0.7563031167827798
upper_bound,1532.8533954363147
lower_bound,6290
