Key,Value
optimal_status,0
solution,2639
cpu_time,3600.1063179969788
gap,0.573286325696925
upper_bound,1126.097386485815
lower_bound,2639
