Key,Value
optimal_status,0
solution,8722
cpu_time,3600.9038050174713
gap,0.8509516166016982
upper_bound,1299.999999999989
lower_bound,8722
