Key,Value
optimal_status,0
solution,14668
cpu_time,3600.8062839508057
gap,0.9041450777202072
upper_bound,1406
lower_bound,14668
