Key,Value
optimal_status,0
solution,5597
cpu_time,3600.0794060230255
gap,0.799236878094514
upper_bound,1123.6711933050044
lower_bound,5597
