Key,Value
optimal_status,0
solution,72969
cpu_time,3600.316353082657
gap,0.9691713718577891
upper_bound,2249.5341669089876
lower_bound,72969
