Key,Value
optimal_status,0
solution,11605
cpu_time,3600.336266040802
gap,0.8833243232895546
upper_bound,1354.02122822472
lower_bound,11605
