Key,Value
optimal_status,0
solution,4130
cpu_time,3600.1699368953705
gap,0.7486261186431125
upper_bound,1038.1741300039457
lower_bound,4130
