Key,Value
optimal_status,0
solution,3680
cpu_time,3600.132840156555
gap,0.6583167130471425
upper_bound,1257.3944959865157
lower_bound,3680
