Key,Value
optimal_status,0
solution,57326
cpu_time,3601.4033110141754
gap,0.9478073412880276
upper_bound,2991.996353322532
lower_bound,57326
