Key,Value
optimal_status,0
solution,31684
cpu_time,3600.097431898117
gap,0.9574294052932372
upper_bound,1348.806722689076
lower_bound,31684
