Key,Value
optimal_status,0
solution,69747
cpu_time,3600.5654520988464
gap,0.9691076989663062
upper_bound,2154.6453201970467
lower_bound,69747
