Key,Value
optimal_status,0
solution,10724
cpu_time,3600.1117379665375
gap,0.9075430562076334
upper_bound,991.5082652293391
lower_bound,10724
