Key,Value
optimal_status,0
solution,9510
cpu_time,3600.5623350143433
gap,0.862861993524505
upper_bound,1304.182441581957
lower_bound,9510
