Key,Value
optimal_status,0
solution,9735.999998983629
cpu_time,3600.2177522182465
gap,0.8886606409086727
upper_bound,1084
lower_bound,9735.999998983629
