optimal_status,0
solution,67774.99999313535
cpu_time,3600.3125488758087
gap,0.9597411521908643
upper_bound,2728.5434099878116
lower_bound,67774.99999313535
