Key,Value
optimal_status,0
solution,6911.99999861696
cpu_time,3600.1457040309906
gap,0.8410282016922218
upper_bound,1098.8130696834983
lower_bound,6911.99999861696
