Key,Value
optimal_status,0
solution,4764.999999523399
cpu_time,3600.3626611232758
gap,0.7617857543009441
upper_bound,1135.0908806424682
lower_bound,4764.999999523399
