Key,Value
optimal_status,0
solution,4371
cpu_time,3600.2378578186035
gap,0.7013911098805962
upper_bound,1305.2194587119143
lower_bound,4371
