Key,Value
optimal_status,0
solution,72637
cpu_time,3603.869572162628
gap,0.9543537172853008
upper_bound,3315.609037547601
lower_bound,72637
