Key,Value
optimal_status,0
solution,19093
cpu_time,3603.0779700279236
gap,0.9308832842117292
upper_bound,1319.6454545454544
lower_bound,19093
