Key,Value
optimal_status,0
solution,6382
cpu_time,3600.1696450710297
gap,0.8342212472579129
upper_bound,1057.9999999999995
lower_bound,6382
