Key,Value
optimal_status,0
solution,14003
cpu_time,3600.1706659793854
gap,0.9037564611540312
upper_bound,1347.6982744601012
lower_bound,14003
