Key,Value
optimal_status,0
solution,5717
cpu_time,3600.349020957947
gap,0.738462582721436
upper_bound,1495.209414581551
lower_bound,5717
