Key,Value
optimal_status,0
solution,4195
cpu_time,3600.057746887207
gap,0.7430274135888774
upper_bound,1077.9999999946594
lower_bound,4195
