Key,Value
optimal_status,0
solution,2323.9999997674936
cpu_time,3600.1597797870636
gap,0.5030120481430509
upper_bound,1154.9999999999968
lower_bound,2323.9999997674936
