Key,Value
optimal_status,0
solution,6369
cpu_time,3600.2734429836273
gap,0.6866187600375703
upper_bound,1995.9251173207151
lower_bound,6369
