Key,Value
optimal_status,0
solution,9287
cpu_time,3600.4802129268646
gap,0.887800150748359
upper_bound,1041.9999999999893
lower_bound,9287
