Key,Value
optimal_status,0
solution,4759.999999522939
cpu_time,3600.0772700309753
gap,0.7497534246451215
upper_bound,1191.173698569839
lower_bound,4759.999999522939
