Key,Value
optimal_status,0
solution,6493
cpu_time,3600.1320588588715
gap,0.7580149666925947
upper_bound,1571.2088212649824
lower_bound,6493
