Key,Value
optimal_status,0
solution,3570
cpu_time,3600.3258101940155
gap,0.6203996886118813
upper_bound,1355.1731116555839
lower_bound,3570
