Key,Value
optimal_status,0
solution,5714
cpu_time,3600.1768028736115
gap,0.7616096807710429
upper_bound,1362.1622840742612
lower_bound,5714
