Key,Value
optimal_status,0
solution,11256
cpu_time,3600.4707708358765
gap,0.9060200190082205
upper_bound,1057.8386660434705
lower_bound,11256
