Key,Value
optimal_status,0
solution,12959
cpu_time,3602.0539190769196
gap,0.898772735264202
upper_bound,1311.804123711206
lower_bound,12959
