Key,Value
optimal_status,0
solution,3554
cpu_time,3600.0640408992767
gap,0.6299623370728892
upper_bound,1315.1138540429517
lower_bound,3554
