Key,Value
optimal_status,0
solution,4006.9999995991993
cpu_time,3600.114748954773
gap,0.7338565640696484
upper_bound,1066.436747666248
lower_bound,4006.9999995991993
