Key,Value
optimal_status,0
solution,37135
cpu_time,3603.5218040943146
gap,0.9611896798454813
upper_bound,1441.2212389380534
lower_bound,37135
