Key,Value
optimal_status,0
solution,7699
cpu_time,3600.369663953781
gap,0.8575934338403345
upper_bound,1096.3881528632642
lower_bound,7699
