Key,Value
optimal_status,0
solution,3954.999999602948
cpu_time,3600.2208070755005
gap,0.6638006604031125
upper_bound,1329.6683879722013
lower_bound,3954.999999602948
