Key,Value
optimal_status,0
solution,3051
cpu_time,3600.241544008255
gap,0.6441654164100209
upper_bound,1085.6513145330262
lower_bound,3051
