Key,Value
optimal_status,0
solution,4456
cpu_time,3600.3543429374695
gap,0.6947935368043148
upper_bound,1359.9999999999736
lower_bound,4456
