Key,Value
optimal_status,0
solution,5850
cpu_time,3600.3717489242554
gap,0.6706959449862162
upper_bound,1926.4287218306354
lower_bound,5850
