Key,Value
optimal_status,0
solution,18642
cpu_time,3600.7921311855316
gap,0.9350116182264754
upper_bound,1211.5134130220465
lower_bound,18642
