Key,Value
optimal_status,0
solution,5959
cpu_time,3600.077148914337
gap,0.7348035288433232
upper_bound,1580.3057716226367
lower_bound,5959
