Key,Value
optimal_status,0
solution,5765
cpu_time,3600.208359003067
gap,0.7989823648453316
upper_bound,1158.8666666666631
lower_bound,5765
