Key,Value
optimal_status,0
solution,7072
cpu_time,3600.160665988922
gap,0.8389147112430674
upper_bound,1139.195162089028
lower_bound,7072
