Key,Value
optimal_status,0
solution,37290
cpu_time,3606.606971025467
gap,0.9650290370978097
upper_bound,1304.067206622674
lower_bound,37290
