Key,Value
optimal_status,0
solution,2999
cpu_time,3600.1317160129547
gap,0.6355980029909424
upper_bound,1092.841589030164
lower_bound,2999
