Key,Value
optimal_status,0
solution,65108
cpu_time,3603.76779794693
gap,0.9514626029954
upper_bound,3160.1728441754963
lower_bound,65108
