Key,Value
optimal_status,0
solution,10274
cpu_time,3600.8705899715424
gap,0.8662697206344723
upper_bound,1373.9448902014324
lower_bound,10274
