Key,Value
optimal_status,0
solution,66450
cpu_time,3600.2648270130157
gap,0.95763412945851
upper_bound,2815.212097482006
lower_bound,66450
