Key,Value
optimal_status,0
solution,20584.995953841757
cpu_time,3603.340108156204
gap,0.9341753574769531
upper_bound,1355
lower_bound,20584.995953841757
