Key,Value
optimal_status,0
solution,81600
cpu_time,3600.3262798786163
gap,0.9740740923639372
upper_bound,2115.55406310273
lower_bound,81600
