Key,Value
optimal_status,0
solution,7035.9999992962985
cpu_time,3600.189885854721
gap,0.8406615600810112
upper_bound,1121.1052631578787
lower_bound,7035.9999992962985
