Key,Value
optimal_status,0
solution,3474.9999982828967
cpu_time,3600.019692182541
gap,0.6253237408220594
upper_bound,1301.9999999999854
lower_bound,3474.9999982828967
