Key,Value
optimal_status,0
solution,4908
cpu_time,3600.0700030326843
gap,0.7844473233405784
upper_bound,1057.9325370444412
lower_bound,4908
