Key,Value
optimal_status,0
solution,14176
cpu_time,3601.1761400699615
gap,0.8714350816521564
upper_bound,1822.5362824990298
lower_bound,14176
