Key,Value
optimal_status,0
solution,9378.999998125844
cpu_time,3600.5552270412445
gap,0.8858098765676296
upper_bound,1070.9891674581918
lower_bound,9378.999998125844
