Key,Value
optimal_status,0
solution,14757
cpu_time,3601.0374619960785
gap,0.9092634004201396
upper_bound,1339
lower_bound,14757
