Key,Value
optimal_status,0
solution,35382
cpu_time,3603.3630800247192
gap,0.9637376538947231
upper_bound,1283.0343298969071
lower_bound,35382
