Key,Value
optimal_status,0
solution,10044.999998989957
cpu_time,3600.332108974457
gap,0.8987696151045222
upper_bound,1016.8592161728263
lower_bound,10044.999998989957
