Key,Value
optimal_status,0
solution,4360.999999563679
cpu_time,3600.110352039337
gap,0.7583608545301149
upper_bound,1053.7883132887362
lower_bound,4360.999999563679
