Key,Value
optimal_status,0
solution,11062
cpu_time,3600.332258939743
gap,0.8181349317632922
upper_bound,2011.7913848344606
lower_bound,11062
