Key,Value
optimal_status,0
solution,14486
cpu_time,3600.9413418769836
gap,0.9195775231257785
upper_bound,1164.9999999999734
lower_bound,14486
