Key,Value
optimal_status,0
solution,66420
cpu_time,3600.2630729675293
gap,0.9672823654703304
upper_bound,2173.105285460657
lower_bound,66420
