Key,Value
optimal_status,0
solution,2967.9999997030995
cpu_time,3600.156774997711
gap,0.6169417717679722
upper_bound,1136.9168212789284
lower_bound,2967.9999997030995
