Key,Value
optimal_status,0
solution,7599
cpu_time,3600.328199863434
gap,0.8500001256785444
upper_bound,1139.8490449687408
lower_bound,7599
