Key,Value
optimal_status,0
solution,2440.999999755776
cpu_time,3600.064872980118
gap,0.5285781903537936
upper_bound,1150.7406372312573
lower_bound,2440.999999755776
