Key,Value
optimal_status,0
solution,3533
cpu_time,3600.1214830875397
gap,0.6118780486385266
upper_bound,1371.2348541600854
lower_bound,3533
