Key,Value
optimal_status,0
solution,4005
cpu_time,3600.082489013672
gap,0.6547830055859533
upper_bound,1382.5940626282575
lower_bound,4005
