Key,Value
optimal_status,0
solution,69194
cpu_time,3612.3082010746
gap,0.977618298233492
upper_bound,1548.6794720317628
lower_bound,69194
