Key,Value
optimal_status,0
solution,36099
cpu_time,3600.2409491539
gap,0.9618854293392276
upper_bound,1375.89788628322
lower_bound,36099
