Key,Value
optimal_status,0
solution,59589
cpu_time,3602.5556020736694
gap,0.9504428577537236
upper_bound,2953.060549313359
lower_bound,59589
