Key,Value
optimal_status,0
solution,36805
cpu_time,3610.991557121277
gap,0.9628854775166418
upper_bound,1365.9999999999995
lower_bound,36805
