Key,Value
optimal_status,0
solution,9654
cpu_time,3600.9611690044403
gap,0.847913359002699
upper_bound,1468.2444321879427
lower_bound,9654
