Key,Value
optimal_status,0
solution,73858.99999767618
cpu_time,3602.102786064148
gap,0.9670187572988914
upper_bound,2435.961604584529
lower_bound,73858.99999767618
