Key,Value
optimal_status,0
solution,3325
cpu_time,3600.026484966278
gap,0.6188434765586055
upper_bound,1267.3454404426366
lower_bound,3325
