Key,Value
optimal_status,0
solution,20719
cpu_time,3602.6379828453064
gap,0.9330083498238332
upper_bound,1388
lower_bound,20719
