Key,Value
optimal_status,0
solution,6196
cpu_time,3601.059679031372
gap,0.7155297300788777
upper_bound,1762.5777924312742
lower_bound,6196
