Key,Value
optimal_status,0
solution,75813
cpu_time,3600.5363688468933
gap,0.9589126195427454
upper_bound,3114.957574605845
lower_bound,75813
