Key,Value
optimal_status,0
solution,5808
cpu_time,3600.3932750225067
gap,0.6897395889105772
upper_bound,1801.9924676073679
lower_bound,5808
