Key,Value
optimal_status,0
solution,4621
cpu_time,3600.268977165222
gap,0.7150423950093879
upper_bound,1316.7890926616183
lower_bound,4621
