Key,Value
optimal_status,0
solution,34286
cpu_time,3603.677435874939
gap,0.9580230661539358
upper_bound,1439.2211538461524
lower_bound,34286
