Key,Value
optimal_status,0
solution,69690.99997306132
cpu_time,3609.599883079529
gap,0.9564133032805069
upper_bound,3037.600479904023
lower_bound,69690.99997306132
