Key,Value
optimal_status,0
solution,14552
cpu_time,3601.0691590309143
gap,0.9087410665200659
upper_bound,1328
lower_bound,14552
