Key,Value
optimal_status,0
solution,16537
cpu_time,3600.308767080307
gap,0.9214488722259176
upper_bound,1299
lower_bound,16537
