Key,Value
optimal_status,0
solution,18026
cpu_time,3600.1841218471527
gap,0.9256074558970376
upper_bound,1341.0000000000011
lower_bound,18026
