Key,Value
optimal_status,0
solution,6399.999998721106
cpu_time,3600.425288915634
gap,0.8343337806417452
upper_bound,1060.2638036809617
lower_bound,6399.999998721106
