Key,Value
optimal_status,0
solution,79303
cpu_time,3600.2180190086365
gap,0.9740592608964198
upper_bound,2057.178433131223
lower_bound,79303
