Key,Value
optimal_status,0
solution,19343
cpu_time,3600.315493106842
gap,0.9360907108189136
upper_bound,1236.1973806297528
lower_bound,19343
