Key,Value
optimal_status,0
solution,7392
cpu_time,3600.2572569847107
gap,0.8379294063575258
upper_bound,1198.0258282051693
lower_bound,7392
