Key,Value
optimal_status,0
solution,4028.999999596786
cpu_time,3600.1038148403168
gap,0.7193652874032009
upper_bound,1130.6772569393474
lower_bound,4028.999999596786
