Key,Value
optimal_status,0
solution,4922.999999507587
cpu_time,3600.175724029541
gap,0.7748903774647802
upper_bound,1108.2146716300404
lower_bound,4922.999999507587
