Key,Value
optimal_status,0
solution,3757
cpu_time,3600.199639081955
gap,0.6417353952332279
upper_bound,1346.000120108763
lower_bound,3757
