Key,Value
optimal_status,0
solution,4214
cpu_time,3600.025358915329
gap,0.6509810674904452
upper_bound,1470.7657815952643
lower_bound,4214
