Key,Value
optimal_status,0
solution,16736
cpu_time,3600.1989159584045
gap,0.9239364244741873
upper_bound,1273.0000000000005
lower_bound,16736
