Key,Value
optimal_status,0
solution,18133
cpu_time,3600.1594309806824
gap,0.8900313732339539
upper_bound,1994.0611091487128
lower_bound,18133
