Key,Value
optimal_status,0
solution,7127.999999286021
cpu_time,3600.2401461601257
gap,0.8556397306252768
upper_bound,1028.9999999999573
lower_bound,7127.999999286021
