Key,Value
optimal_status,0
solution,14797
cpu_time,3600.0891909599304
gap,0.9079471832883794
upper_bound,1362.1055288818493
lower_bound,14797
