Key,Value
optimal_status,0
solution,85877.9999914065
cpu_time,3600.3587069511414
gap,0.9727716557637803
upper_bound,2338.3157460840907
lower_bound,85877.9999914065
