Key,Value
optimal_status,0
solution,4435
cpu_time,3600.0828161239624
gap,0.7068228797199848
upper_bound,1300.2405284418674
lower_bound,4435
