Key,Value
optimal_status,0
solution,9212.999999077001
cpu_time,3600.14786696434
gap,0.8847281015846488
upper_bound,1061.9999999942352
lower_bound,9212.999999077001
