Key,Value
optimal_status,0
solution,73832
cpu_time,3600.3339409828186
gap,0.9608815292203027
upper_bound,2888.1949346066044
lower_bound,73832
