Key,Value
optimal_status,0
solution,2005.9999943645382
cpu_time,3600.0219700336456
gap,0.37537387661014127
upper_bound,1253
lower_bound,2005.9999943645382
