Key,Value
optimal_status,0
solution,4336
cpu_time,3600.1596717834473
gap,0.6804184065115146
upper_bound,1385.7057893660726
lower_bound,4336
