Key,Value
optimal_status,0
solution,7137.999999268155
cpu_time,3600.1356699466705
gap,0.8155808143685359
upper_bound,1316.3841469024242
lower_bound,7137.999999268155
