Key,Value
optimal_status,0
solution,12879
cpu_time,3600.266853094101
gap,0.9158319745321841
upper_bound,1084
lower_bound,12879
