Key,Value
optimal_status,0
solution,8379.99999916037
cpu_time,3600.0984201431274
gap,0.8764927399347013
upper_bound,1034.9908392435027
lower_bound,8379.99999916037
