Key,Value
optimal_status,0
solution,4508.999999547608
cpu_time,3600.0524990558624
gap,0.6926673424705675
upper_bound,1385.762952661176
lower_bound,4508.999999547608
