Key,Value
optimal_status,0
solution,9775
cpu_time,3600.0769209861755
gap,0.8993075343087528
upper_bound,984.2688521319413
lower_bound,9775
