Key,Value
optimal_status,0
solution,6734
cpu_time,3600.203761100769
gap,0.772120081382011
upper_bound,1534.5433719735372
lower_bound,6734
