Key,Value
optimal_status,0
solution,14599
cpu_time,3601.4087471961975
gap,0.9038290293855743
upper_bound,1404
lower_bound,14599
