Key,Value
optimal_status,0
solution,69319
cpu_time,3603.9559988975525
gap,0.9569290894418616
upper_bound,2985.632448979592
lower_bound,69319
