Key,Value
optimal_status,0
solution,5314.999999467083
cpu_time,3600.241835832596
gap,0.7768579491780138
upper_bound,1185.9999999999409
lower_bound,5314.999999467083
