Key,Value
optimal_status,0
solution,4196.999999580199
cpu_time,3600.099310874939
gap,0.7426733380729053
upper_bound,1079.999999999991
lower_bound,4196.999999580199
