Key,Value
optimal_status,0
solution,10340
cpu_time,3600.1068320274353
gap,0.8693864787935351
upper_bound,1350.5438092748457
lower_bound,10340
