Key,Value
optimal_status,0
solution,69811
cpu_time,3603.2925441265106
gap,0.9561663282570739
upper_bound,3060.0724580454093
lower_bound,69811
