Key,Value
optimal_status,0
solution,12308
cpu_time,3600.4527490139008
gap,0.903637344478814
upper_bound,1186.0315641547566
lower_bound,12308
