Key,Value
optimal_status,0
solution,17731
cpu_time,3603.8658170700073
gap,0.924975337257796
upper_bound,1330.2622950820182
lower_bound,17731
