Key,Value
optimal_status,0
solution,7297.999999268274
cpu_time,3600.107894897461
gap,0.8597167965095328
upper_bound,1023.7868189707808
lower_bound,7297.999999268274
