Key,Value
optimal_status,0
solution,2588
cpu_time,3600.1846058368683
gap,0.5603135396062312
upper_bound,1137.9085594990736
lower_bound,2588
