Key,Value
optimal_status,0
solution,9427.999999046748
cpu_time,3600.448375940323
gap,0.8562602549965046
upper_bound,1355.178315755935
lower_bound,9427.999999046748
