Key,Value
optimal_status,0
solution,2578
cpu_time,3600.11168885231
gap,0.5360744763382487
upper_bound,1195.999999999995
lower_bound,2578
