Key,Value
optimal_status,0
solution,19076
cpu_time,3603.208217859268
gap,0.9287618047779205
upper_bound,1358.9398120563903
lower_bound,19076
