Key,Value
optimal_status,0
solution,15680
cpu_time,3600.160174846649
gap,0.9114289625455165
upper_bound,1388.7938672863
lower_bound,15680
