Key,Value
optimal_status,0
solution,30632
cpu_time,3606.3902649879456
gap,0.954954687076335
upper_bound,1379.828025477707
lower_bound,30632
