Key,Value
optimal_status,0
solution,7161
cpu_time,3600.095547914505
gap,0.8186007540846273
upper_bound,1298.9999999999836
lower_bound,7161
