Key,Value
optimal_status,0
solution,72710
cpu_time,3605.1520450115204
gap,0.9588734295692816
upper_bound,2990.312936017544
lower_bound,72710
