Key,Value
optimal_status,0
solution,10796
cpu_time,3600.1368720531464
gap,0.8482798812329905
upper_bound,1637.9704022086355
lower_bound,10796
