Key,Value
optimal_status,0
solution,6029
cpu_time,3600.0736269950867
gap,0.753247478437465
upper_bound,1487.6709525005235
lower_bound,6029
