Key,Value
optimal_status,0
solution,20524
cpu_time,3600.2838830947876
gap,0.9328103683492497
upper_bound,1378.9999999999993
lower_bound,20524
