Key,Value
optimal_status,0
solution,10758
cpu_time,3601.057296037674
gap,0.8551270483894927
upper_bound,1558.5432134258363
lower_bound,10758
