Key,Value
optimal_status,0
solution,8234
cpu_time,3600.2420840263367
gap,0.839469059950274
upper_bound,1321.8117603694438
lower_bound,8234
