Key,Value
optimal_status,0
solution,67337
cpu_time,3600.260481119156
gap,0.9554541819190119
upper_bound,2999.5817521195013
lower_bound,67337
