Key,Value
optimal_status,0
solution,18674
cpu_time,3600.1755220890045
gap,0.9058545170185207
upper_bound,1758.0727491961425
lower_bound,18674
