Key,Value
optimal_status,0
solution,76626
cpu_time,3600.2828319072723
gap,0.9729734546227748
upper_bound,2070.936066075253
lower_bound,76626
