Key,Value
optimal_status,0
solution,10992
cpu_time,3600.1667540073395
gap,0.9006550218340611
upper_bound,1092
lower_bound,10992
