Key,Value
optimal_status,0
solution,10418
cpu_time,3600.935647010803
gap,0.8972931464772509
upper_bound,1070
lower_bound,10418
