Key,Value
optimal_status,0
solution,2174.9999993465976
cpu_time,3600.046823978424
gap,0.42804597683967555
upper_bound,1243.9999999999895
lower_bound,2174.9999993465976
