Key,Value
optimal_status,0
solution,9277
cpu_time,3602.6738550662994
gap,0.838616333169398
upper_bound,1497.1562771874949
lower_bound,9277
