Key,Value
optimal_status,0
solution,23040
cpu_time,3600.1813218593597
gap,0.9432482778548074
upper_bound,1307.5596782252398
lower_bound,23040
