Key,Value
optimal_status,0
solution,15216
cpu_time,3600.217211008072
gap,0.9068086225026281
upper_bound,1418.0000000000105
lower_bound,15216
