Key,Value
optimal_status,0
solution,6408.999999358792
cpu_time,3600.200745820999
gap,0.7521569960669595
upper_bound,1588.4258120479374
lower_bound,6408.999999358792
