Key,Value
optimal_status,0
solution,5549.999999439703
cpu_time,3600.116140127182
gap,0.706591008657587
upper_bound,1628.4199017859962
lower_bound,5549.999999439703
