Key,Value
optimal_status,0
solution,4762
cpu_time,3600.162013053894
gap,0.7746426788497212
upper_bound,1073.1515633176275
lower_bound,4762
