Key,Value
optimal_status,0
solution,9072.999999092279
cpu_time,3600.5838940143585
gap,0.8706389965903633
upper_bound,1173.69238381821
lower_bound,9072.999999092279
