Key,Value
optimal_status,0
solution,19620
cpu_time,3606.2537682056427
gap,0.9313965341488277
upper_bound,1346
lower_bound,19620
