Key,Value
optimal_status,0
solution,21289
cpu_time,3600.1918799877167
gap,0.946122622358817
upper_bound,1146.9954926031469
lower_bound,21289
