Key,Value
optimal_status,0
solution,11596
cpu_time,3601.1805579662323
gap,0.8402602347310009
upper_bound,1852.3423180593143
lower_bound,11596
