Key,Value
optimal_status,0
solution,39129
cpu_time,3608.5985221862793
gap,0.9609924866537138
upper_bound,1526.324989726833
lower_bound,39129
