Key,Value
optimal_status,0
solution,71549
cpu_time,3603.7752158641815
gap,0.9573264736745327
upper_bound,3053.2481350608596
lower_bound,71549
