Key,Value
optimal_status,0
solution,20753
cpu_time,3602.736725091934
gap,0.9340336336915145
upper_bound,1369
lower_bound,20753
