Key,Value
optimal_status,0
solution,23312
cpu_time,3600.4918251037598
gap,0.9422185998637752
upper_bound,1346.9999999756728
lower_bound,23312
