Key,Value
optimal_status,0
solution,3560
cpu_time,3600.0832068920135
gap,0.6017983076541341
upper_bound,1417.5980247512823
lower_bound,3560
