Key,Value
optimal_status,0
solution,21567
cpu_time,3603.3149337768555
gap,0.9367552278944684
upper_bound,1363.9999999999998
lower_bound,21567
