Key,Value
optimal_status,0
solution,4933
cpu_time,3600.4277780056
gap,0.7847039873669571
upper_bound,1062.0552303188006
lower_bound,4933
