Key,Value
optimal_status,0
solution,4032
cpu_time,3600.365185022354
gap,0.7383930071996212
upper_bound,1054.7993949711274
lower_bound,4032
