Key,Value
optimal_status,0
solution,12675
cpu_time,3600.3620159626007
gap,0.9005026441833923
upper_bound,1261.1289849755035
lower_bound,12675
