Key,Value
optimal_status,0
solution,31063
cpu_time,3600.2530269622803
gap,0.9577310626790716
upper_bound,1313
lower_bound,31063
