Key,Value
optimal_status,0
solution,78659
cpu_time,3600.3457338809967
gap,0.9756748147500238
upper_bound,1913.394746577878
lower_bound,78659
