Key,Value
optimal_status,0
solution,11112
cpu_time,3600.6132938861847
gap,0.9053275737940965
upper_bound,1051.9999999999998
lower_bound,11112
