Key,Value
optimal_status,0
solution,9558.999999042948
cpu_time,3600.1574330329895
gap,0.8862888340753361
upper_bound,1086.9650349650346
lower_bound,9558.999999042948
