Key,Value
optimal_status,0
solution,3310
cpu_time,3600.1729969978333
gap,0.6102916585704834
upper_bound,1289.9346101316999
lower_bound,3310
