Key,Value
optimal_status,0
solution,16087.999998310726
cpu_time,3600.1595380306244
gap,0.9164594728902833
upper_bound,1344
lower_bound,16087.999998310726
