Key,Value
optimal_status,0
solution,6777
cpu_time,3600.3286628723145
gap,0.7381492383952653
upper_bound,1774.5626113952878
lower_bound,6777
