Key,Value
optimal_status,0
solution,3667
cpu_time,3600.106875896454
gap,0.6389191174071276
upper_bound,1324.0835964680632
lower_bound,3667
