Key,Value
optimal_status,0
solution,9095
cpu_time,3600.449527025223
gap,0.8849996266679553
upper_bound,1045.9283954549467
lower_bound,9095
