Key,Value
optimal_status,0
solution,5263.999999473498
cpu_time,3600.129940032959
gap,0.7882821800885015
upper_bound,1114.4826039026589
lower_bound,5263.999999473498
