Key,Value
optimal_status,0
solution,7212
cpu_time,3600.091101884842
gap,0.8176815762543697
upper_bound,1314.880472053486
lower_bound,7212
