Key,Value
optimal_status,0
solution,24154.99999753218
cpu_time,3619.775037050247
gap,0.9472410367871632
upper_bound,1274.392756275873
lower_bound,24154.99999753218
