Key,Value
optimal_status,0
solution,27578
cpu_time,3605.6118998527527
gap,0.9442112213931576
upper_bound,1538.5429364195
lower_bound,27578
