Key,Value
optimal_status,0
solution,2253
cpu_time,3600.047693967819
gap,0.47758544163338085
upper_bound,1176.999999999993
lower_bound,2253
