Key,Value
optimal_status,0
solution,79911
cpu_time,3600.34143614769
gap,0.9700046879920226
upper_bound,2396.955377869488
lower_bound,79911
