Key,Value
optimal_status,0
solution,75730
cpu_time,3600.2861230373383
gap,0.9759965756026814
upper_bound,1817.7793296089399
lower_bound,75730
