Key,Value
optimal_status,0
solution,7620
cpu_time,3600.2536029815674
gap,0.8430631222451767
upper_bound,1195.8590084917546
lower_bound,7620
