Key,Value
optimal_status,0
solution,34847
cpu_time,3603.759017944336
gap,0.9496859030864951
upper_bound,1753.2953351449034
lower_bound,34847
