Key,Value
optimal_status,0
solution,69623
cpu_time,3621.7614600658417
gap,0.9572370344994207
upper_bound,2977.285947046846
lower_bound,69623
