Key,Value
optimal_status,0
solution,37009
cpu_time,3604.2485110759735
gap,0.9644941898118673
upper_bound,1314.034529252604
lower_bound,37009
