Key,Value
optimal_status,0
solution,13138
cpu_time,3600.5912351608276
gap,0.9047800274014309
upper_bound,1251
lower_bound,13138
