Key,Value
optimal_status,0
solution,7618.9999992378725
cpu_time,3600.2396569252014
gap,0.8558865992768349
upper_bound,1097.9999999999627
lower_bound,7618.9999992378725
