Key,Value
optimal_status,0
solution,3288.9999996709766
cpu_time,3600.161931991577
gap,0.6563688856748228
upper_bound,1130.2027349024452
lower_bound,3288.9999996709766
