Key,Value
optimal_status,0
solution,34321
cpu_time,3600.4582509994507
gap,0.9608982139168408
upper_bound,1342.0124001601098
lower_bound,34321
