Key,Value
optimal_status,0
solution,7796
cpu_time,3600.2410690784454
gap,0.8610364033316336
upper_bound,1083.360199626585
lower_bound,7796
