Key,Value
optimal_status,0
solution,6820
cpu_time,3600.332207918167
gap,0.7297311156444825
upper_bound,1843.2337913046292
lower_bound,6820
