Key,Value
optimal_status,0
solution,3962.999999603439
cpu_time,3600.126988172531
gap,0.7199211649099551
upper_bound,1109.9524233507798
lower_bound,3962.999999603439
