Key,Value
optimal_status,0
solution,11676
cpu_time,3600.5616240501404
gap,0.8979958890030832
upper_bound,1191
lower_bound,11676
