Key,Value
optimal_status,0
solution,11931
cpu_time,3600.1302740573883
gap,0.9077193864722163
upper_bound,1100.9999999999875
lower_bound,11931
