Key,Value
optimal_status,0
solution,3153.9999996844995
cpu_time,3600.1743478775024
gap,0.5752894958032088
upper_bound,1339.5369301026833
lower_bound,3153.9999996844995
