Key,Value
optimal_status,0
solution,3167
cpu_time,3600.128847837448
gap,0.6585333925565637
upper_bound,1081.4247457733627
lower_bound,3167
