Key,Value
optimal_status,0
solution,5947
cpu_time,3600.105870962143
gap,0.7330081360657551
upper_bound,1587.800614816954
lower_bound,5947
