Key,Value
optimal_status,0
solution,11608
cpu_time,3600.102837085724
gap,0.9039920853639987
upper_bound,1114.4598730947027
lower_bound,11608
