Key,Value
optimal_status,0
solution,7618
cpu_time,3600.146849155426
gap,0.8262860389491816
upper_bound,1323.3529552851346
lower_bound,7618
