Key,Value
optimal_status,0
solution,71206
cpu_time,3605.0703880786896
gap,0.9580688102238163
upper_bound,2985.752299202946
lower_bound,71206
