Key,Value
optimal_status,0
solution,40089.999995989936
cpu_time,3604.8614649772644
gap,0.9675178737973783
upper_bound,1302.208439332849
lower_bound,40089.999995989936
