Key,Value
optimal_status,0
solution,7320
cpu_time,3600.210571050644
gap,0.8368255702692515
upper_bound,1194.436825629079
lower_bound,7320
