Key,Value
optimal_status,0
solution,10604
cpu_time,3600.065059900284
gap,0.8992832893247831
upper_bound,1068
lower_bound,10604
