Key,Value
optimal_status,0
solution,4375.999999562299
cpu_time,3600.2049498558044
gap,0.6984082578413404
upper_bound,1319.7654635542872
lower_bound,4375.999999562299
