Key,Value
optimal_status,0
solution,6423.999999357303
cpu_time,3600.1000270843506
gap,0.8248829088151198
upper_bound,1124.952193659123
lower_bound,6423.999999357303
