Key,Value
optimal_status,0
solution,5258
cpu_time,3600.2761800289154
gap,0.7989729935336661
upper_bound,1056.9999999999836
lower_bound,5258
