Key,Value
optimal_status,0
solution,3692
cpu_time,3600.132470846176
gap,0.700949398526591
upper_bound,1104.0948206398261
lower_bound,3692
