Key,Value
optimal_status,0
solution,2200.9999995543567
cpu_time,3600.104146003723
gap,0.44252612437600486
upper_bound,1226.9999999999789
lower_bound,2200.9999995543567
