Key,Value
optimal_status,0
solution,9022.99999909699
cpu_time,3600.7330651283264
gap,0.8798625734117452
upper_bound,1083.999999997337
lower_bound,9022.99999909699
