Key,Value
optimal_status,0
solution,3044.9999996953984
cpu_time,3600.217350959778
gap,0.6349017149783339
upper_bound,1111.7242777797637
lower_bound,3044.9999996953984
