Key,Value
optimal_status,0
solution,22077
cpu_time,3601.579638004303
gap,0.948139664133685
upper_bound,1144.9206349206347
lower_bound,22077
