Key,Value
optimal_status,0
solution,14893
cpu_time,3600.562658071518
gap,0.9239456572938463
upper_bound,1132.677325922749
lower_bound,14893
