Key,Value
optimal_status,0
solution,6783
cpu_time,3600.560225009918
gap,0.7886393815648627
upper_bound,1433.6590748455367
lower_bound,6783
