Key,Value
optimal_status,0
solution,13297
cpu_time,3600.175405025482
gap,0.8958273646119509
upper_bound,1385.1835327548893
lower_bound,13297
