Key,Value
optimal_status,0
solution,14563
cpu_time,3600.1507449150085
gap,0.9273035635566985
upper_bound,1058.6782039237987
lower_bound,14563
