Key,Value
optimal_status,0
solution,17997
cpu_time,3600.18221783638
gap,0.8940478937877082
upper_bound,1906.820055502615
lower_bound,17997
