Key,Value
optimal_status,0
solution,20008
cpu_time,3600.170599937439
gap,0.9061356380759384
upper_bound,1878.0381533766217
lower_bound,20008
