Key,Value
optimal_status,0
solution,65032
cpu_time,3600.2260489463806
gap,0.9562700165570518
upper_bound,2843.848283261807
lower_bound,65032
