Key,Value
optimal_status,0
solution,9817
cpu_time,3600.8183040618896
gap,0.7988154228845603
upper_bound,1975.028993542272
lower_bound,9817
