Key,Value
optimal_status,0
solution,5605
cpu_time,3600.139146089554
gap,0.7434031989656192
upper_bound,1438.2250697977045
lower_bound,5605
