Key,Value
optimal_status,0
solution,4159
cpu_time,3600.140055179596
gap,0.7378388223844199
upper_bound,1090.3283377031973
lower_bound,4159
