Key,Value
optimal_status,0
solution,8777
cpu_time,3600.0593049526215
gap,0.8456192320838624
upper_bound,1354.99999999994
lower_bound,8777
