Key,Value
optimal_status,0
solution,9693
cpu_time,3600.7666931152344
gap,0.8184202705481409
upper_bound,1760.0523175768706
lower_bound,9693
