Key,Value
optimal_status,0
solution,9085
cpu_time,3600.513960838318
gap,0.8492046474843867
upper_bound,1369.975777604346
lower_bound,9085
