Key,Value
optimal_status,0
solution,6162
cpu_time,3600.204385995865
gap,0.7342895796940023
upper_bound,1637.3076099255582
lower_bound,6162
