Key,Value
optimal_status,0
solution,8948
cpu_time,3600.102830886841
gap,0.849298749748425
upper_bound,1348.4747872510936
lower_bound,8948
