Key,Value
optimal_status,0
solution,9332
cpu_time,3600.3699679374695
gap,0.8397630471062306
upper_bound,1495.3312444046558
lower_bound,9332
