Key,Value
optimal_status,0
solution,66056
cpu_time,3603.6402230262756
gap,0.9500910360298429
upper_bound,3296.7865240126985
lower_bound,66056
