Key,Value
optimal_status,0
solution,2788.9999991587842
cpu_time,3600.0747039318085
gap,0.5902273848790736
upper_bound,1142.8558232275568
lower_bound,2788.9999991587842
