Key,Value
optimal_status,0
solution,2700
cpu_time,3600.0821850299835
gap,0.5711599768959877
upper_bound,1157.8680623808332
lower_bound,2700
