Key,Value
optimal_status,0
solution,8959.999999103447
cpu_time,3600.120889902115
gap,0.8713169642728394
upper_bound,1152.9999999999873
lower_bound,8959.999999103447
