Key,Value
optimal_status,0
solution,5228
cpu_time,3600.0907740592957
gap,0.7079518452164333
upper_bound,1526.827753208487
lower_bound,5228
