Key,Value
optimal_status,0
solution,24971
cpu_time,3606.8799221515656
gap,0.9298991376793011
upper_bound,1750.488633010174
lower_bound,24971
