Key,Value
optimal_status,0
solution,19540
cpu_time,3604.098351955414
gap,0.9337256908908518
upper_bound,1294.999999992757
lower_bound,19540
