Key,Value
optimal_status,0
solution,3995.9999996000383
cpu_time,3600.318648815155
gap,0.6509009008659616
upper_bound,1394.999999999991
lower_bound,3995.9999996000383
