Key,Value
optimal_status,0
solution,2642.999999735597
cpu_time,3600.1884710788727
gap,0.5687813416830596
upper_bound,1139.7109138176581
lower_bound,2642.999999735597
