Key,Value
optimal_status,0
solution,13582
cpu_time,3600.4187030792236
gap,0.918200559564129
upper_bound,1111.000000000001
lower_bound,13582
