Key,Value
optimal_status,0
solution,14261
cpu_time,3600.1300230026245
gap,0.912708786200299
upper_bound,1244.8599999975352
lower_bound,14261
