Key,Value
optimal_status,0
solution,3239
cpu_time,3600.2130320072174
gap,0.6159308428527405
upper_bound,1243.9999999999736
lower_bound,3239
