Key,Value
optimal_status,0
solution,17451
cpu_time,3601.8209199905396
gap,0.9228124462781503
upper_bound,1347.0000000000002
lower_bound,17451
