Key,Value
optimal_status,0
solution,5265
cpu_time,3600.0902512073517
gap,0.7272885640846786
upper_bound,1435.8257100941676
lower_bound,5265
