Key,Value
optimal_status,0
solution,34630
cpu_time,3602.5107288360596
gap,0.9579963071765204
upper_bound,1454.5878824770973
lower_bound,34630
