Key,Value
optimal_status,0
solution,3631
cpu_time,3600.44983792305
gap,0.6220052599728204
upper_bound,1372.4989010386887
lower_bound,3631
