Key,Value
optimal_status,0
solution,5491
cpu_time,3600.4152178764343
gap,0.7820983273918799
upper_bound,1196.4980842911873
lower_bound,5491
