Key,Value
optimal_status,0
solution,21083
cpu_time,3602.726191997528
gap,0.9362045249727279
upper_bound,1344.9999999999782
lower_bound,21083
