Key,Value
optimal_status,0
solution,10795
cpu_time,3602.1858410835266
gap,0.838315058004821
upper_bound,1745.3889488379568
lower_bound,10795
