Key,Value
optimal_status,0
solution,37972
cpu_time,3605.157487154007
gap,0.9636619607743151
upper_bound,1379.8280254777071
lower_bound,37972
