Key,Value
optimal_status,0
solution,4437
cpu_time,3600.035117149353
gap,0.6727251841511342
upper_bound,1452.118357921417
lower_bound,4437
