Key,Value
optimal_status,0
solution,83283
cpu_time,3600.5709431171417
gap,0.9771645027124671
upper_bound,1901.8087205976026
lower_bound,83283
