Key,Value
optimal_status,0
solution,2396
cpu_time,3600.1300501823425
gap,0.5213415980205973
upper_bound,1146.865531142649
lower_bound,2396
