Key,Value
optimal_status,0
solution,14600
cpu_time,3600.1372249126434
gap,0.9071196175827336
upper_bound,1356.0535832920882
lower_bound,14600
