Key,Value
optimal_status,0
solution,4664
cpu_time,3600.1698191165924
gap,0.7371295813040809
upper_bound,1226.0276327977667
lower_bound,4664
