Key,Value
optimal_status,0
solution,21133
cpu_time,3612.713403940201
gap,0.9353716374616152
upper_bound,1365.7911855236853
lower_bound,21133
