Key,Value
optimal_status,0
solution,19080
cpu_time,3601.8601689338684
gap,0.9261006289308175
upper_bound,1410.0000000000036
lower_bound,19080
