Key,Value
optimal_status,0
solution,3635.999999632074
cpu_time,3600.1826701164246
gap,0.7086062644612017
upper_bound,1059.5076223118597
lower_bound,3635.999999632074
