Key,Value
optimal_status,0
solution,44722
cpu_time,3600.1447570323944
gap,0.9683377308707124
upper_bound,1416
lower_bound,44722
