Key,Value
optimal_status,0
solution,2873.99999971222
cpu_time,3600.104173898697
gap,0.5539318023213765
upper_bound,1281.9999999999945
lower_bound,2873.99999971222
