Key,Value
optimal_status,0
solution,10129
cpu_time,3600.213525056839
gap,0.8967321551979465
upper_bound,1046
lower_bound,10129
