Key,Value
optimal_status,0
solution,3496
cpu_time,3600.1939809322357
gap,0.6301159239811954
upper_bound,1293.1147297617408
lower_bound,3496
