Key,Value
optimal_status,0
solution,8365
cpu_time,3600.2059891223907
gap,0.8360478885581575
upper_bound,1371.4594122110132
lower_bound,8365
