Key,Value
optimal_status,0
solution,70391
cpu_time,3601.6247630119324
gap,0.9555620405974237
upper_bound,3128.0324003067526
lower_bound,70391
