Key,Value
optimal_status,0
solution,5873
cpu_time,3600.212520837784
gap,0.8069711736576711
upper_bound,1133.6582971084972
lower_bound,5873
