Key,Value
optimal_status,0
solution,11705
cpu_time,3600.13601398468
gap,0.8736746896764767
upper_bound,1478.6377573368418
lower_bound,11705
