Key,Value
optimal_status,0
solution,9287
cpu_time,3600.1521229743958
gap,0.79858260620113
upper_bound,1870.5633362101062
lower_bound,9287
