Key,Value
optimal_status,0
solution,2998.9999996999995
cpu_time,3600.053538799286
gap,0.6292097365417719
upper_bound,1111.9999999999886
lower_bound,2998.9999996999995
