Key,Value
optimal_status,0
solution,2093.99999911101
cpu_time,3600.1572852134705
gap,0.45978933526769794
upper_bound,1131.2011314691986
lower_bound,2093.99999911101
