Key,Value
optimal_status,0
solution,14650
cpu_time,3602.2154870033264
gap,0.9056838783074609
upper_bound,1381.7311827956985
lower_bound,14650
