Key,Value
optimal_status,0
solution,6418.999998715398
cpu_time,3600.172327041626
gap,0.828140483299304
upper_bound,1103.1662374809969
lower_bound,6418.999998715398
