Key,Value
optimal_status,0
solution,4172.999999582547
cpu_time,3600.111639022827
gap,0.6707404744458543
upper_bound,1374
lower_bound,4172.999999582547
