Key,Value
optimal_status,0
solution,4719.999999527776
cpu_time,3600.2510600090027
gap,0.7712330417951522
upper_bound,1079.7800426188526
lower_bound,4719.999999527776
