Key,Value
optimal_status,0
solution,3748
cpu_time,3600.2407479286194
gap,0.7187881366529295
upper_bound,1053.9820638248202
lower_bound,3748
