Key,Value
optimal_status,0
solution,3691.9999996306988
cpu_time,3600.0987961292267
gap,0.6779241405646151
upper_bound,1189.1040729164977
lower_bound,3691.9999996306988
