Key,Value
optimal_status,0
solution,6851
cpu_time,3600.371360063553
gap,0.706654073442551
upper_bound,2009.7129428450826
lower_bound,6851
