Key,Value
optimal_status,0
solution,2601.999999739687
cpu_time,3600.1468608379364
gap,0.5755839900133904
upper_bound,1104.330457874677
lower_bound,2601.999999739687
