Key,Value
optimal_status,0
solution,20361
cpu_time,3600.842901945114
gap,0.9487172998836837
upper_bound,1044.1670570683154
lower_bound,20361
