Key,Value
optimal_status,0
solution,5492
cpu_time,3600.146674156189
gap,0.7998132166222591
upper_bound,1099.4258143105521
lower_bound,5492
