Key,Value
optimal_status,0
solution,6158
cpu_time,3600.9635920524597
gap,0.7126815732827394
upper_bound,1769.3068717248907
lower_bound,6158
