Key,Value
optimal_status,0
solution,2932.9999997062832
cpu_time,3600.187156200409
gap,0.6127735412787727
upper_bound,1135.7352033156249
lower_bound,2932.9999997062832
