Key,Value
optimal_status,0
solution,3660
cpu_time,3600.09730386734
gap,0.6140230674741888
upper_bound,1412.6755730444695
lower_bound,3660
