Key,Value
optimal_status,0
solution,6657.999999333576
cpu_time,3600.179696083069
gap,0.831717625734394
upper_bound,1120.4240477482574
lower_bound,6657.999999333576
