Key,Value
optimal_status,0
solution,2817
cpu_time,3600.2532830238342
gap,0.5992190273340512
upper_bound,1128.9999999999777
lower_bound,2817
