Key,Value
optimal_status,0
solution,14427
cpu_time,3600.3915679454803
gap,0.9143174284824762
upper_bound,1236.142459283316
lower_bound,14427
