Key,Value
optimal_status,0
solution,33571
cpu_time,3607.7088429927826
gap,0.9481634361318947
upper_bound,1740.2052856161642
lower_bound,33571
