Key,Value
optimal_status,0
solution,8595
cpu_time,3600.1364970207214
gap,0.8675974403723095
upper_bound,1138.0000000000002
lower_bound,8595
