Key,Value
optimal_status,0
solution,79809
cpu_time,3600.3252289295197
gap,0.9713996833177373
upper_bound,2282.56267409471
lower_bound,79809
