Key,Value
optimal_status,0
solution,7693
cpu_time,3600.1342108249664
gap,0.8632523072923484
upper_bound,1051.9999999999636
lower_bound,7693
