Key,Value
optimal_status,0
solution,14822
cpu_time,3600.7238488197327
gap,0.906490352179193
upper_bound,1386.0000000000005
lower_bound,14822
