Key,Value
optimal_status,0
solution,17611
cpu_time,3610.2807030677795
gap,0.9250740824020852
upper_bound,1319.5203348168775
lower_bound,17611
