Key,Value
optimal_status,0
solution,7067.999999291034
cpu_time,3600.390219926834
gap,0.8334142379475258
upper_bound,1177.4281660687839
lower_bound,7067.999999291034
