Key,Value
optimal_status,0
solution,16089
cpu_time,3601.7026538848877
gap,0.916340356765492
upper_bound,1346
lower_bound,16089
