Key,Value
optimal_status,0
solution,9041
cpu_time,3600.068248987198
gap,0.8410569769195361
upper_bound,1437.0038716704744
lower_bound,9041
