Key,Value
optimal_status,0
solution,2755.9999997241653
cpu_time,3600.5223939418793
gap,0.5943724011122924
upper_bound,1117.909662422636
lower_bound,2755.9999997241653
