Key,Value
optimal_status,0
solution,83646
cpu_time,3603.906201839447
gap,0.9625289180763807
upper_bound,3134.306118583066
lower_bound,83646
