Key,Value
optimal_status,0
solution,3547.9999996450997
cpu_time,3600.103896856308
gap,0.591094128857587
upper_bound,1450.79803066816
lower_bound,3547.9999996450997
