Key,Value
optimal_status,0
solution,2936
cpu_time,3600.107358932495
gap,0.6195768120468577
upper_bound,1116.922479830426
lower_bound,2936
