Key,Value
optimal_status,0
solution,7218
cpu_time,3600.0669140815735
gap,0.8424014498872336
upper_bound,1137.5463347139475
lower_bound,7218
