Key,Value
optimal_status,0
solution,6589.999999339449
cpu_time,3600.495500087738
gap,0.841163077566032
upper_bound,1046.7353187349288
lower_bound,6589.999999339449
