Key,Value
optimal_status,0
solution,84750
cpu_time,3600.2661719322205
gap,0.9737097268286378
upper_bound,2228.1006512729464
lower_bound,84750
