Key,Value
optimal_status,0
solution,64680
cpu_time,3604.32728099823
gap,0.9508279668597128
upper_bound,3180.447103513773
lower_bound,64680
