Key,Value
optimal_status,0
solution,30169.99999698259
cpu_time,3603.770828962326
gap,0.9423389935804534
upper_bound,1739.6325635037344
lower_bound,30169.99999698259
