Key,Value
optimal_status,0
solution,38102
cpu_time,3603.1072120666504
gap,0.9585434401933284
upper_bound,1579.5778417538029
lower_bound,38102
