Key,Value
optimal_status,0
solution,11217
cpu_time,3601.932750940323
gap,0.9074376681554018
upper_bound,1038.2716763008573
lower_bound,11217
