Key,Value
optimal_status,0
solution,2439.999999755899
cpu_time,3600.092689037323
gap,0.5127049179840446
upper_bound,1188.9999999999818
lower_bound,2439.999999755899
