Key,Value
optimal_status,0
solution,13977
cpu_time,3600.1383159160614
gap,0.9034842956285326
upper_bound,1349
lower_bound,13977
