Key,Value
optimal_status,0
solution,9179
cpu_time,3600.305839061737
gap,0.7967645574310028
upper_bound,1865.4981273408246
lower_bound,9179
