Key,Value
optimal_status,0
solution,8155
cpu_time,3600.6426990032196
gap,0.8520775739412606
upper_bound,1206.3073845090196
lower_bound,8155
