Key,Value
optimal_status,0
solution,6578
cpu_time,3600.145825147629
gap,0.8287201826404238
upper_bound,1126.6786385912917
lower_bound,6578
