Key,Value
optimal_status,0
solution,12945.999998705034
cpu_time,3600.275738954544
gap,0.9181986713961123
upper_bound,1059
lower_bound,12945.999998705034
