Key,Value
optimal_status,0
solution,7245
cpu_time,3600.268970966339
gap,0.7478885488000621
upper_bound,1826.5474639435502
lower_bound,7245
