Key,Value
optimal_status,0
solution,4721.999999527679
cpu_time,3600.129266023636
gap,0.7601140671740811
upper_bound,1132.7413746906861
lower_bound,4721.999999527679
