Key,Value
optimal_status,0
solution,5893
cpu_time,3600.572177886963
gap,0.7287985577723683
upper_bound,1598.1900990474333
lower_bound,5893
