Key,Value
optimal_status,0
solution,16692
cpu_time,3601.0353009700775
gap,0.9255577475574539
upper_bound,1242.5900777709799
lower_bound,16692
