Key,Value
optimal_status,0
solution,10051
cpu_time,3600.638204097748
gap,0.8485983922560585
upper_bound,1521.7375594343553
lower_bound,10051
