Key,Value
optimal_status,0
solution,19285
cpu_time,3600.526491880417
gap,0.9362185193599156
upper_bound,1230.025854144027
lower_bound,19285
