Key,Value
optimal_status,0
solution,6322.999998735244
cpu_time,3600.113877058029
gap,0.8192313774745195
upper_bound,1142.9999999999854
lower_bound,6322.999998735244
