Key,Value
optimal_status,0
solution,5424
cpu_time,3600.172173023224
gap,0.7150328877978519
upper_bound,1545.6616165844512
lower_bound,5424
