Key,Value
optimal_status,0
solution,4146
cpu_time,3600.2589721679688
gap,0.7302946864408578
upper_bound,1118.1982300162038
lower_bound,4146
