Key,Value
optimal_status,0
solution,2628.999999211122
cpu_time,3600.092132806778
gap,0.51046025089913
upper_bound,1287
lower_bound,2628.999999211122
