Key,Value
optimal_status,0
solution,21847
cpu_time,3602.4647150039673
gap,0.9338124227582735
upper_bound,1446
lower_bound,21847
