Key,Value
optimal_status,0
solution,7698
cpu_time,3600.6507320404053
gap,0.7438033770914461
upper_bound,1972.2016031500475
lower_bound,7698
