Key,Value
optimal_status,0
solution,11028
cpu_time,3600.1202249526978
gap,0.8710554951127459
upper_bound,1421.9999998966377
lower_bound,11028
