Key,Value
optimal_status,0
solution,5741
cpu_time,3600.2968220710754
gap,0.7294028033972536
upper_bound,1553.4985056963665
lower_bound,5741
