Key,Value
optimal_status,0
solution,34948
cpu_time,3603.405116081238
gap,0.9545093665989062
upper_bound,1589.8066561014275
lower_bound,34948
