Key,Value
optimal_status,0
solution,4886.999999509829
cpu_time,3600.1117820739746
gap,0.7676585781130966
upper_bound,1135.4525286474102
lower_bound,4886.999999509829
