Key,Value
optimal_status,0
solution,8049
cpu_time,3600.2630138397217
gap,0.868401750819491
upper_bound,1059.2343076539173
lower_bound,8049
