Key,Value
optimal_status,0
solution,5452
cpu_time,3600.5755548477173
gap,0.7480027431528187
upper_bound,1373.8890443308323
lower_bound,5452
