Key,Value
optimal_status,0
solution,18354
cpu_time,3601.6521730422974
gap,0.935981257491555
upper_bound,1175.0000000000011
lower_bound,18354
