Key,Value
optimal_status,0
solution,5348
cpu_time,3600.268880844116
gap,0.779340305294362
upper_bound,1180.0880472857514
lower_bound,5348
