Key,Value
optimal_status,0
solution,2628.9999994739183
cpu_time,3600.532550096512
gap,0.5971373176114169
upper_bound,1059.1259917876464
lower_bound,2628.9999994739183
