Key,Value
optimal_status,0
solution,16022
cpu_time,3600.187711954117
gap,0.9181125951816252
upper_bound,1312.0000000000005
lower_bound,16022
