Key,Value
optimal_status,0
solution,11627
cpu_time,3600.17307305336
gap,0.8576398200754517
upper_bound,1655.2218119827235
lower_bound,11627
