Key,Value
optimal_status,0
solution,3721
cpu_time,3600.147644996643
gap,0.6043531797799029
upper_bound,1472.2018180389816
lower_bound,3721
