Key,Value
optimal_status,0
solution,4073
cpu_time,3600.1990909576416
gap,0.6545543825190375
upper_bound,1406.99999999996
lower_bound,4073
