Key,Value
optimal_status,0
solution,68386
cpu_time,3601.658222913742
gap,0.9555385791740605
upper_bound,3040.538724602699
lower_bound,68386
