Key,Value
optimal_status,0
solution,1927.9999990504828
cpu_time,3600.109488964081
gap,0.4497369590541655
upper_bound,1060.9071424210847
lower_bound,1927.9999990504828
