Key,Value
optimal_status,0
solution,6038
cpu_time,3600.159024953842
gap,0.7499252385698204
upper_bound,1509.951409515425
lower_bound,6038
