Key,Value
optimal_status,0
solution,4726
cpu_time,3600.1440341472626
gap,0.6915230015007529
upper_bound,1457.862294907442
lower_bound,4726
